{
	"criteria": {
		"custom_book": {
			"trigger": "minecraft:any_block_use",
			"conditions": {
				"location": [
					{"condition": "minecraft:location_check","predicate": {"block": {"blocks": ["minecraft:chiseled_bookshelf"]}}},
					{"condition": "minecraft:match_tool","predicate": {"predicates": {"minecraft:custom_data": "{book: true}"}}}
				]
			}
		},
		"taken_book": {
			"trigger": "minecraft:inventory_changed",
			"conditions": {
				"items": [
					{"items": "#minecraft:bookshelf_books"}
				]
			}
		},
		"taken_custom_book": {
			"trigger": "minecraft:inventory_changed",
			"conditions": {
				"items": [
					{"predicates": {"minecraft:custom_data": "{book: true}"}}
				]
			}
		}
	},
	"requirements": [
		[
			"custom_book",
			"taken_book",
			"taken_custom_book"
		]
	],
	"rewards": {
		"function": "data_api:advancement/any_block_use/book"
	}
}