{
	"criteria": {
		"dyes": {
			"trigger": "minecraft:player_interacted_with_entity",
			"conditions": {
				"entity": {
					"nbt": "{Tags: [\"entity.data_api.custom_mob\"]}"
				},
				"item": {
					"items": "#minecraft:dyes"
				}
			}
		},
		"name_tag": {
			"trigger": "minecraft:player_interacted_with_entity",
			"conditions": {
				"entity": {
					"nbt": "{Tags: [\"entity.data_api.custom_mob\"]}"
				},
				"item": {
					"items": "minecraft:name_tag"
				}
			}
		},
		"water_bucket": {
			"trigger": "minecraft:player_interacted_with_entity",
			"conditions": {
				"entity": {
					"nbt": "{Tags: [\"entity.data_api.custom_mob\"]}"
				},
				"item": {
					"items": "minecraft:water_bucket"
				}
			}
		}
	},
	"requirements": [
		[
			"dyes",
			"name_tag",
			"water_bucket"
		]
	],
	"rewards": {
		"function": "data_api:advancement/player_interacted_with_entity/custom_mob"
	}
}