[
	{"function": "minecraft:reference","name": "data_api:function/set_color/white"},
	{"function": "minecraft:reference","name": "data_api:function/set_color/orange","conditions": [{"condition": "minecraft:random_chance","chance": 0.0133}]},
	{"function": "minecraft:reference","name": "data_api:function/set_color/magenta","conditions": [{"condition": "minecraft:random_chance","chance": 0.0133}]},
	{"function": "minecraft:reference","name": "data_api:function/set_color/light_blue","conditions": [{"condition": "minecraft:random_chance","chance": 0.0133}]},
	{"function": "minecraft:reference","name": "data_api:function/set_color/yellow","conditions": [{"condition": "minecraft:random_chance",	"chance": 0.0133}]},
	{"function": "minecraft:reference","name": "data_api:function/set_color/lime","conditions": [{"condition": "minecraft:random_chance", "chance": 0.0133}]},
	{"function": "minecraft:reference","name": "data_api:function/set_color/pink","conditions": [{"condition": "minecraft:random_chance", "chance": 0.0133}]},
	{"function": "minecraft:reference","name": "data_api:function/set_color/gray","conditions": [{"condition": "minecraft:random_chance", "chance": 0.0133}]},
	{"function": "minecraft:reference","name": "data_api:function/set_color/light_gray","conditions": [{"condition": "minecraft:random_chance",	"chance": 0.0133}]},
	{"function": "minecraft:reference","name": "data_api:function/set_color/cyan","conditions": [{"condition": "minecraft:random_chance", "chance": 0.0133}]},
	{"function": "minecraft:reference","name": "data_api:function/set_color/purple","conditions": [{"condition": "minecraft:random_chance", "chance": 0.0133}]},
	{"function": "minecraft:reference","name": "data_api:function/set_color/blue","conditions": [{"condition": "minecraft:random_chance", "chance": 0.0133}]},
	{"function": "minecraft:reference","name": "data_api:function/set_color/brown","conditions": [{"condition": "minecraft:random_chance", "chance": 0.0133}]},
	{"function": "minecraft:reference","name": "data_api:function/set_color/green","conditions": [{"condition": "minecraft:random_chance", "chance": 0.0133}]},
	{"function": "minecraft:reference","name": "data_api:function/set_color/red","conditions": [{"condition": "minecraft:random_chance", "chance": 0.0133}]},
	{"function": "minecraft:reference","name": "data_api:function/set_color/black","conditions": [{"condition": "minecraft:random_chance", "chance": 0.0133}]},

	{"function": "minecraft:reference","name": "data_api:function/set_color/absorption","conditions": [{"condition": "minecraft:random_chance", "chance": 0.0133}]},
	{"function": "minecraft:reference","name": "data_api:function/set_color/bad_luck","conditions": [{"condition": "minecraft:random_chance", "chance": 0.0133}]},
	{"function": "minecraft:reference","name": "data_api:function/set_color/bad_omen","conditions": [{"condition": "minecraft:random_chance", "chance": 0.0133}]},
	{"function": "minecraft:reference","name": "data_api:function/set_color/blindness","conditions": [{"condition": "minecraft:random_chance", "chance": 0.0133}]},
	{"function": "minecraft:reference","name": "data_api:function/set_color/conduit_power","conditions": [{"condition": "minecraft:random_chance", "chance": 0.0133}]},
	{"function": "minecraft:reference","name": "data_api:function/set_color/darkness","conditions": [{"condition": "minecraft:random_chance", "chance": 0.0133}]},
	{"function": "minecraft:reference","name": "data_api:function/set_color/dolphins_grace","conditions": [{"condition": "minecraft:random_chance", "chance": 0.0133}]},
	{"function": "minecraft:reference","name": "data_api:function/set_color/fatal_poison","conditions": [{"condition": "minecraft:random_chance", "chance": 0.0133}]},
	{"function": "minecraft:reference","name": "data_api:function/set_color/fire_resistance","conditions": [{"condition": "minecraft:random_chance", "chance": 0.0133}]},
	{"function": "minecraft:reference","name": "data_api:function/set_color/fire_resistance_legacy","conditions": [{"condition": "minecraft:random_chance", "chance": 0.0133}]},
	{"function": "minecraft:reference","name": "data_api:function/set_color/glowing","conditions": [{"condition": "minecraft:random_chance", "chance": 0.0133}]},
	{"function": "minecraft:reference","name": "data_api:function/set_color/harming","conditions": [{"condition": "minecraft:random_chance", "chance": 0.0133}]},
	{"function": "minecraft:reference","name": "data_api:function/set_color/harming_legacy","conditions": [{"condition": "minecraft:random_chance", "chance": 0.0133}]},
	{"function": "minecraft:reference","name": "data_api:function/set_color/haste","conditions": [{"condition": "minecraft:random_chance", "chance": 0.0133}]},
	{"function": "minecraft:reference","name": "data_api:function/set_color/healing","conditions": [{"condition": "minecraft:random_chance", "chance": 0.0133}]},
	{"function": "minecraft:reference","name": "data_api:function/set_color/health_boost","conditions": [{"condition": "minecraft:random_chance", "chance": 0.0133}]},
	{"function": "minecraft:reference","name": "data_api:function/set_color/hero_of_the_village","conditions": [{"condition": "minecraft:random_chance", "chance": 0.0133}]},
	{"function": "minecraft:reference","name": "data_api:function/set_color/hunger","conditions": [{"condition": "minecraft:random_chance", "chance": 0.0133}]},
	{"function": "minecraft:reference","name": "data_api:function/set_color/infested","conditions": [{"condition": "minecraft:random_chance", "chance": 0.0133}]},
	{"function": "minecraft:reference","name": "data_api:function/set_color/invisibility","conditions": [{"condition": "minecraft:random_chance", "chance": 0.0133}]},
	{"function": "minecraft:reference","name": "data_api:function/set_color/invisibility_legacy","conditions": [{"condition": "minecraft:random_chance", "chance": 0.0133}]},
	{"function": "minecraft:reference","name": "data_api:function/set_color/jump_boost","conditions": [{"condition": "minecraft:random_chance", "chance": 0.0133}]},
	{"function": "minecraft:reference","name": "data_api:function/set_color/jump_boost_legacy","conditions": [{"condition": "minecraft:random_chance", "chance": 0.0133}]},
	{"function": "minecraft:reference","name": "data_api:function/set_color/levitation","conditions": [{"condition": "minecraft:random_chance", "chance": 0.0133}]},
	{"function": "minecraft:reference","name": "data_api:function/set_color/luck","conditions": [{"condition": "minecraft:random_chance", "chance": 0.0133}]},
	{"function": "minecraft:reference","name": "data_api:function/set_color/luck_legacy","conditions": [{"condition": "minecraft:random_chance", "chance": 0.0133}]},
	{"function": "minecraft:reference","name": "data_api:function/set_color/mining_fatigue","conditions": [{"condition": "minecraft:random_chance", "chance": 0.0133}]},
	{"function": "minecraft:reference","name": "data_api:function/set_color/nausea","conditions": [{"condition": "minecraft:random_chance", "chance": 0.0133}]},
	{"function": "minecraft:reference","name": "data_api:function/set_color/night_vision","conditions": [{"condition": "minecraft:random_chance", "chance": 0.0133}]},
	{"function": "minecraft:reference","name": "data_api:function/set_color/night_vision_legacy","conditions": [{"condition": "minecraft:random_chance", "chance": 0.0133}]},
	{"function": "minecraft:reference","name": "data_api:function/set_color/oozing","conditions": [{"condition": "minecraft:random_chance", "chance": 0.0133}]},
	{"function": "minecraft:reference","name": "data_api:function/set_color/poison","conditions": [{"condition": "minecraft:random_chance", "chance": 0.0133}]},
	{"function": "minecraft:reference","name": "data_api:function/set_color/poison_legacy","conditions": [{"condition": "minecraft:random_chance", "chance": 0.0133}]},
	{"function": "minecraft:reference","name": "data_api:function/set_color/raid_omen","conditions": [{"condition": "minecraft:random_chance", "chance": 0.0133}]},
	{"function": "minecraft:reference","name": "data_api:function/set_color/regeneration","conditions": [{"condition": "minecraft:random_chance", "chance": 0.0133}]},
	{"function": "minecraft:reference","name": "data_api:function/set_color/resistance","conditions": [{"condition": "minecraft:random_chance", "chance": 0.0133}]},
	{"function": "minecraft:reference","name": "data_api:function/set_color/saturation","conditions": [{"condition": "minecraft:random_chance", "chance": 0.0133}]},
	{"function": "minecraft:reference","name": "data_api:function/set_color/slow_falling","conditions": [{"condition": "minecraft:random_chance", "chance": 0.0133}]},
	{"function": "minecraft:reference","name": "data_api:function/set_color/slow_falling_legacy","conditions": [{"condition": "minecraft:random_chance", "chance": 0.0133}]},
	{"function": "minecraft:reference","name": "data_api:function/set_color/slowness","conditions": [{"condition": "minecraft:random_chance", "chance": 0.0133}]},
	{"function": "minecraft:reference","name": "data_api:function/set_color/slowness_legacy","conditions": [{"condition": "minecraft:random_chance", "chance": 0.0133}]},
	{"function": "minecraft:reference","name": "data_api:function/set_color/strength","conditions": [{"condition": "minecraft:random_chance", "chance": 0.0133}]},
	{"function": "minecraft:reference","name": "data_api:function/set_color/strength_legacy","conditions": [{"condition": "minecraft:random_chance", "chance": 0.0133}]},
	{"function": "minecraft:reference","name": "data_api:function/set_color/swiftness","conditions": [{"condition": "minecraft:random_chance", "chance": 0.0133}]},
	{"function": "minecraft:reference","name": "data_api:function/set_color/swiftness_legacy","conditions": [{"condition": "minecraft:random_chance", "chance": 0.0133}]},
	{"function": "minecraft:reference","name": "data_api:function/set_color/trial_omen","conditions": [{"condition": "minecraft:random_chance", "chance": 0.0133}]},
	{"function": "minecraft:reference","name": "data_api:function/set_color/turtle_master","conditions": [{"condition": "minecraft:random_chance", "chance": 0.0133}]},
	{"function": "minecraft:reference","name": "data_api:function/set_color/turtle_master_enhanced","conditions": [{"condition": "minecraft:random_chance", "chance": 0.0133}]},
	{"function": "minecraft:reference","name": "data_api:function/set_color/turtle_master_enhanced_legacy","conditions": [{"condition": "minecraft:random_chance", "chance": 0.0133}]},
	{"function": "minecraft:reference","name": "data_api:function/set_color/turtle_master_legacy","conditions": [{"condition": "minecraft:random_chance", "chance": 0.0133}]},
	{"function": "minecraft:reference","name": "data_api:function/set_color/uncraftable","conditions": [{"condition": "minecraft:random_chance", "chance": 0.0133}]},
	{"function": "minecraft:reference","name": "data_api:function/set_color/water","conditions": [{"condition": "minecraft:random_chance", "chance": 0.0133}]},
	{"function": "minecraft:reference","name": "data_api:function/set_color/water_breathing","conditions": [{"condition": "minecraft:random_chance", "chance": 0.0133}]},
	{"function": "minecraft:reference","name": "data_api:function/set_color/water_breathing_legacy","conditions": [{"condition": "minecraft:random_chance", "chance": 0.0133}]},
	{"function": "minecraft:reference","name": "data_api:function/set_color/weakness","conditions": [{"condition": "minecraft:random_chance", "chance": 0.0133}]},
	{"function": "minecraft:reference","name": "data_api:function/set_color/weaving","conditions": [{"condition": "minecraft:random_chance", "chance": 0.0133}]},
	{"function": "minecraft:reference","name": "data_api:function/set_color/wind_charged","conditions": [{"condition": "minecraft:random_chance", "chance": 0.0133}]},
	{"function": "minecraft:reference","name": "data_api:function/set_color/wither","conditions": [{"condition": "minecraft:random_chance", "chance": 0.0133}]},
	{"function": "minecraft:reference","name": "data_api:function/set_color/wither_legacy","conditions": [{"condition": "minecraft:random_chance", "chance": 0.0133}]}
]