{
	"criteria": {
		"tick": {
			"trigger": "minecraft:tick",
			"conditions": {
				"player": [
					{"condition": "minecraft:entity_properties", "entity": "this", "predicate": {"nbt": "{Inventory: [{components: {\"minecraft:custom_data\": {tick: {}}}}]}"}},
					{"condition": "minecraft:inverted", "term": {"condition": "minecraft:entity_scores", "entity": "this", "scores": {"item.TickCooldown": {"min": 1}}}}
				]
			}
		}
	},
	"requirements": [
		[
			"tick"
		]
	],
	"rewards": {
		"function": "data_api:advancement/tick/custom_data"
	}
}