{
	"criteria": {
		"dead": {
			"trigger": "minecraft:tick",
			"conditions": {
				"player": [
					{"condition": "minecraft:inverted", "term": {"condition": "minecraft:entity_properties", "entity": "this", "predicate": {"nbt": "{Tags: [\"ping.data_api.dead\"]}"}}},
					{"condition": "minecraft:reference", "name": "data_api:flags/is_dead"}
				]
			}
		},
		"revived": {
			"trigger": "minecraft:tick",
			"conditions": {
				"player": [
					{"condition": "minecraft:entity_properties", "entity": "this", "predicate": {"nbt": "{Tags: [\"ping.data_api.dead\"]}"}},
					{"condition": "minecraft:inverted", "term": {"condition": "minecraft:reference","name": "data_api:flags/is_dead"}}
				]
			}
		}
	},
	"requirements": [
		[
			"dead",
			"revived"
		]
	],
	"rewards": {
		"function": "data_api:advancement/tick/entity_properties"
	}
}