{
	"criteria": {
		"hand_cooldown": {
			"trigger": "minecraft:tick",
			"conditions": {
				"player": [
					{"condition": "minecraft:entity_scores","entity": "this","scores": {"item.HandCooldown": {"min": 1}}}
				]
			}
		},
		"priority": {
			"trigger": "minecraft:tick",
			"conditions": {
				"player": [
					{"condition": "minecraft:entity_scores","entity": "this","scores": {"tell.Priority": {"min": 0}}}
				]
			}
		},
		"tick_cooldown": {
			"trigger": "minecraft:tick",
			"conditions": {
				"player": [
					{"condition": "minecraft:entity_scores","entity": "this","scores": {"item.TickCooldown": {"min": 1}}}
				]
			}
		}
	},
	"requirements": [
		[
			"hand_cooldown",
			"priority",
			"tick_cooldown"
		]
	],
	"rewards": {
		"function": "data_api:advancement/tick/timers"
	}
}