{
	"criteria": {
		"dismount": {
			"trigger": "minecraft:tick",
			"conditions": {
				"player": [
					{
						"condition": "minecraft:all_of",
						"terms": [
							{"condition": "minecraft:reference", "name": "data_api:flags/is_riding"},
							{"condition": "minecraft:reference", "name": "data_api:misc/items/tags/use/disable_riding"}
						]
					}
				]
			}
		},
		"bow": {
			"trigger": "minecraft:tick",
			"conditions": {
				"player": [
					{"condition": "minecraft:entity_scores", "entity": "this", "scores": {"use_item.bow": {"min": 1}}}
				]
			}
		},
		"carrot_stick": {
			"trigger": "minecraft:tick",
			"conditions": {
				"player": [
					{"condition": "minecraft:entity_scores", "entity": "this", "scores": {"use_item.carrot_stick": {"min": 1}}}
				]
			}
		},
		"crossbow": {
			"trigger": "minecraft:tick",
			"conditions": {
				"player": [
					{"condition": "minecraft:entity_scores", "entity": "this", "scores": {"use_item.crossbow": {"min": 1}}}
				]
			}
		},
		"fishing_rod": {
			"trigger": "minecraft:tick","conditions": {
				"player": [
					{"condition": "minecraft:entity_scores", "entity": "this", "scores": {"use_item.fishing_rod": {"min": 1}}}
				]
			}
		},
		"fungus_stick": {
			"trigger": "minecraft:tick",
			"conditions": {
				"player": [
					{"condition": "minecraft:entity_scores", "entity": "this", "scores": {"use_item.fungus_stick": {"min": 1}}}
				]
			}
		},
		"other": {
			"trigger": "minecraft:using_item",
			"conditions": {
				"player": [
					{"condition": "minecraft:inverted", "term": {"condition": "minecraft:entity_scores", "entity": "this", "scores": {"item.HandCooldown": {"min": 1}}}}
				],
				"items": [
					{"predicates": {"minecraft:custom_data": "{use: {type: \"other\"}}"}}
				]
			}
		}
	},
	"requirements": [
		[
			"dismount",
			"bow",
			"carrot_stick",
			"crossbow",
			"fishing_rod",
			"fungus_stick",
			"other"
		]
	],
	"rewards": {
		"function": "data_api:advancement/tick/use"
	}
}