{
	"criteria": {
		"drops_from_inventory": {
			"trigger": "minecraft:inventory_changed",
			"conditions": {
				"items": [
					{"predicates": {"minecraft:custom_data": "{drops_from_inventory: true}"}}
				]
			}
		},
		"fish_bucket": {
			"trigger": "minecraft:inventory_changed",
			"conditions": {
				"items": [
					{"items": "#minecraft:fish_buckets"}
				]
			}
		},
		"use": {
			"trigger": "minecraft:inventory_changed",
			"conditions": {
				"items": [
					{"predicates": {"minecraft:custom_data": "{use: {}}"}}
				]
			}
		}
	},
	"requirements": [
		[
			"drops_from_inventory",
			"fish_bucket",
			"use"
		]
	],
	"rewards": {
		"function": "data_api:advancement/inventory_changed/custom_data"
	}
}